{"cameraMode":{"drawMode":0,"name":"Shaded","section":"Shading Mode"},"sceneLighting":true,"audioPlay":false,"sceneViewState":{"m_AlwaysRefresh":false,"showFog":true,"showSkybox":true,"showFlares":true,"showImageEffects":true,"showParticleSystems":true,"showVisualEffectGraphs":true,"m_FxEnabled":true},"in2DMode":false,"pivot":{"x":4.706307411193848,"y":0.15455973148345948,"z":-1.2721015214920045},"rotation":{"x":-0.08933087438344956,"y":-0.8998185992240906,"z":0.36731716990470889,"w":-0.21840710937976838},"size":2.201450824737549,"orthographic":false}