{"cameraMode":{"drawMode":0,"name":"Shaded","section":"Shading Mode"},"sceneLighting":true,"audioPlay":false,"sceneViewState":{"m_AlwaysRefresh":false,"showFog":true,"showSkybox":true,"showFlares":true,"showImageEffects":true,"showParticleSystems":true,"showVisualEffectGraphs":true,"m_FxEnabled":true},"in2DMode":false,"pivot":{"x":3.816214084625244,"y":1.602708339691162,"z":0.20018723607063294},"rotation":{"x":0.13885782659053803,"y":-0.39951279759407046,"z":0.061361294239759448,"w":0.904079020023346},"size":0.6420775055885315,"orthographic":false}