{"cameraMode":{"drawMode":0,"name":"Shaded","section":"Shading Mode"},"sceneLighting":true,"audioPlay":false,"sceneViewState":{"m_AlwaysRefresh":false,"showFog":true,"showSkybox":true,"showFlares":true,"showImageEffects":true,"showParticleSystems":true,"showVisualEffectGraphs":true,"m_FxEnabled":true},"in2DMode":false,"pivot":{"x":6.042218208312988,"y":2.1411795616149904,"z":-0.2823207676410675},"rotation":{"x":-0.21982784569263459,"y":0.025749512016773225,"z":-0.005777245387434959,"w":-0.9752482175827026},"size":0.705049991607666,"orthographic":false}