{"cameraMode":{"drawMode":0,"name":"Shaded","section":"Shading Mode"},"sceneLighting":true,"audioPlay":false,"sceneViewState":{"m_AlwaysRefresh":false,"showFog":true,"showSkybox":true,"showFlares":true,"showImageEffects":true,"showParticleSystems":true,"showVisualEffectGraphs":true,"m_FxEnabled":true},"in2DMode":false,"pivot":{"x":3.996127128601074,"y":2.4735231399536135,"z":2.2702200412750246},"rotation":{"x":-0.035767003893852237,"y":-0.9515096545219421,"z":0.12079194188117981,"w":-0.2809111177921295},"size":0.16363991796970368,"orthographic":false}